{
  "comandos": [
    {
      "comando": "cadastrarbot"
    },
    {
      "comando": "deletarbot"
    },
    {
      "comando": "log"
    },
    {
      "comando": "comandos"
    },
    {
      "comando": "comoregistrarbot"
    }
  ],
  "cd": [
    {
      "user": "839484101937070112",
      "comando": "chute",
      "tempo_final": "09:31"
    },
    {
      "user": "288430858858266624",
      "comando": "chute",
      "tempo_final": "10:16"
    }
  ],
  "fichas_bots": [
    {
      "nome": "Bot F",
      "permissoes": [
        "834960983797399623"
      ],
      "comando": "botf",
      "rank": "",
      "aparencia": "https://media.discordapp.net/attachments/839476218947567686/839477125841027092/Bot_2.gif",
      "descricao": "adfasfafsadf",
      "hp_minimo": "7000",
      "hp_maximo": "8000",
      "status": {
        "def": "2000",
        "ff": "1500",
        "agi": "1500",
        "mec": "1500"
      }
    }
  ],
  "skills": [
    {
      "bot_comando": "botf",
      "comando": "",
      "nome": "",
      "descricao": "",
      "cd": "",
      "aparencia": "",
      "categoria": "",
      "alcance": "",
      "efeito": "",
      "anula": "",
      "dano": []
    },
    {
      "bot_comando": "botf",
      "comando": "chute",
      "nome": "Chute",
      "descricao": "Chute veloz",
      "cd": "5",
      "aparencia": "",
      "categoria": "",
      "alcance": "",
      "efeito": "",
      "anula": "NDA",
      "dano": [],
      "efeitos": "NDA",
      "fraquezas": "NDA"
    }
  ]
}